userID,Pet_ID,Pet_name,紀錄日期,毛孩生日,性別,體重,飯量,喝水量,小便次數,便便顆數,時常抓癢,流眼淚,拉稀,嘔吐,頻尿
AF1,CK1,Abbas,2020-01-03,2018-11-15,女生,7.10,0,1,2,8,0,0,0,0,0
AF1,CK1,Abbas,2020-01-13,2018-11-15,女生,7.07,1,1,2,14,0,0,0,0,0
AF1,CK1,Abbas,2020-01-16,2018-11-15,女生,6.95,0,0,3,4,0,0,0,0,0
AF1,CK1,Abbas,2020-01-18,2018-11-15,女生,6.78,0,1,4,9,0,0,0,0,0
AF1,CK1,Abbas,2020-02-06,2018-11-15,女生,6.80,0,0,4,14,0,0,0,0,0
AF1,CK1,Abbas,2020-02-20,2018-11-15,女生,6.96,0,0,5,11,0,0,0,0,0
AF1,CK1,Abbas,2020-02-29,2018-11-15,女生,6.87,0,0,5,10,0,0,0,0,0
AF1,CK1,Abbas,2020-03-26,2018-11-15,女生,6.85,1,1,5,10,0,0,0,0,0
AF1,CK1,Abbas,2020-03-27,2018-11-15,女生,7.00,0,0,9,5,0,0,0,0,1
AF1,CK1,Abbas,2020-03-28,2018-11-15,女生,6.99,1,0,8,13,0,0,0,0,1
AF1,CK1,Abbas,2020-03-29,2018-11-15,女生,6.88,1,0,17,14,0,0,0,0,1
AF1,CK1,Abbas,2020-03-30,2018-11-15,女生,6.79,0,1,8,14,0,0,0,0,1
AF1,CK1,Abbas,2020-03-31,2018-11-15,女生,6.89,0,1,18,7,0,0,0,0,1
AF1,CK1,Abbas,2020-04-01,2018-11-15,女生,6.84,0,0,16,10,0,0,0,0,1
AF1,CK1,Abbas,2020-04-02,2018-11-15,女生,7.24,0,1,11,13,0,0,0,0,1
AF1,CK1,Abbas,2020-04-03,2018-11-15,女生,6.94,1,0,13,13,0,0,0,0,1
AF1,CK1,Abbas,2020-04-04,2018-11-15,女生,6.88,1,1,16,5,0,0,0,0,1
AF1,CK1,Abbas,2020-04-05,2018-11-15,女生,6.76,0,0,14,14,0,0,0,0,1
AF1,CK1,Abbas,2020-04-06,2018-11-15,女生,7.24,1,0,14,3,0,0,0,0,1
AF1,CK1,Abbas,2020-04-07,2018-11-15,女生,6.87,0,1,14,11,0,0,0,0,1
AF1,CK1,Abbas,2020-04-08,2018-11-15,女生,6.77,1,0,8,12,0,0,0,0,1
AF1,CK1,Abbas,2020-04-09,2018-11-15,女生,7.12,1,1,15,12,0,0,0,0,1
AF1,CK1,Abbas,2020-04-10,2018-11-15,女生,6.92,1,1,17,8,0,0,0,0,1
AF1,CK1,Abbas,2020-04-11,2018-11-15,女生,6.8,1,0,13,13,0,0,0,0,1
AF1,CK1,Abbas,2020-04-12,2018-11-15,女生,6.82,1,1,18,13,0,0,0,0,1
AF1,CK1,Abbas,2020-04-13,2018-11-15,女生,6.92,1,0,18,7,0,0,0,0,1
AF1,CK1,Abbas,2020-04-14,2018-11-15,女生,7.22,1,0,11,9,0,0,0,0,1
AF1,CK1,Abbas,2020-04-15,2018-11-15,女生,6.98,1,1,14,13,0,0,0,0,1
AF1,CK1,Abbas,2020-04-16,2018-11-15,女生,7.26,0,0,4,4,0,0,0,0,0
AF1,CK1,Abbas,2020-04-17,2018-11-15,女生,6.8,1,1,3,3,0,0,0,0,0
AF1,CK1,Abbas,2020-04-18,2018-11-15,女生,7.03,0,0,18,10,0,0,0,0,1
AF1,CK1,Abbas,2020-04-19,2018-11-15,女生,6.93,0,0,17,7,0,0,0,0,1
AF1,CK1,Abbas,2020-04-20,2018-11-15,女生,7.02,0,0,10,8,0,0,0,0,1
AF1,CK1,Abbas,2020-04-21,2018-11-15,女生,7.21,0,1,17,8,0,0,0,0,1
AF1,CK1,Abbas,2020-04-22,2018-11-15,女生,7.19,0,1,9,13,0,0,0,0,1
AF1,CK1,Abbas,2020-04-23,2018-11-15,女生,6.89,1,0,14,11,0,0,0,0,1
AF1,CK1,Abbas,2020-04-24,2018-11-15,女生,6.82,1,1,15,9,0,0,0,0,1
AF1,CK1,Abbas,2020-04-25,2018-11-15,女生,7.03,0,1,15,14,0,0,0,0,1
AF1,CK1,Abbas,2020-04-26,2018-11-15,女生,6.81,0,1,7,7,0,0,0,0,1
AF1,CK1,Abbas,2020-04-27,2018-11-15,女生,7.12,1,0,8,6,0,0,0,0,1
AF1,CK1,Abbas,2020-04-28,2018-11-15,女生,6.84,0,0,11,12,0,0,0,0,1
AF1,CK1,Abbas,2020-04-29,2018-11-15,女生,6.81,1,0,13,3,0,0,0,0,1
AF1,CK1,Abbas,2020-04-30,2018-11-15,女生,6.96,0,0,13,10,0,0,0,0,1
AF1,CK1,Abbas,2020-05-01,2018-11-15,女生,6.76,0,0,17,13,0,0,0,0,1
AF1,CK1,Abbas,2020-05-02,2018-11-15,女生,6.87,1,0,7,11,0,0,0,0,1
AF1,CK1,Abbas,2020-05-03,2018-11-15,女生,6.78,0,1,19,12,0,0,0,0,1
AF1,CK1,Abbas,2020-05-04,2018-11-15,女生,6.92,1,1,19,8,0,0,0,0,1
AF1,CK1,Abbas,2020-05-05,2018-11-15,女生,6.93,1,0,19,14,0,0,0,0,1
AF1,CK1,Abbas,2020-05-06,2018-11-15,女生,7.26,0,1,7,3,0,0,0,0,1
AF1,CK1,Abbas,2020-05-07,2018-11-15,女生,7.24,0,1,10,8,0,0,0,0,1
AF1,CK1,Abbas,2020-05-08,2018-11-15,女生,7.08,1,1,18,5,0,0,0,0,1
AF1,CK1,Abbas,2020-05-09,2018-11-15,女生,6.79,0,0,14,3,0,0,0,0,1
AF1,CK1,Abbas,2020-05-10,2018-11-15,女生,6.98,0,1,9,6,0,0,0,0,1
AF1,CK1,Abbas,2020-05-11,2018-11-15,女生,7.16,0,0,12,3,0,0,0,0,1
AF1,CK1,Abbas,2020-05-12,2018-11-15,女生,7.22,0,1,19,3,0,0,0,0,1
AF1,CK1,Abbas,2020-05-13,2018-11-15,女生,6.82,0,1,18,8,0,0,0,0,1
AF1,CK1,Abbas,2020-05-14,2018-11-15,女生,7.15,0,1,16,14,0,0,0,0,1
AF1,CK1,Abbas,2020-05-15,2018-11-15,女生,7.24,1,1,12,7,0,0,0,0,1
AF1,CK1,Abbas,2020-05-16,2018-11-15,女生,7.27,1,0,16,10,0,0,0,0,1
AF1,CK1,Abbas,2020-05-17,2018-11-15,女生,6.89,1,1,8,13,0,0,0,0,1
AF1,CK1,Abbas,2020-08-24,2018-11-15,女生,6.74,0,0,3,9,0,0,0,0,0
AF1,CK1,Abbas,2020-12-27,2018-11-15,女生,7.1,1,0,3,14,0,0,0,0,0
AF1,CK1,Abbas,2021-04-03,2018-11-15,女生,6.99,1,0,2,7,0,0,0,0,0
AF1,CK1,Abbas,2021-04-10,2018-11-15,女生,6.86,1,1,3,13,0,0,0,0,0
AF1,CK1,Abbas,2021-04-17,2018-11-15,女生,6.51,1,1,3,5,0,0,0,0,0
AF1,CK1,Abbas,2021-05-03,2018-11-15,女生,6.01,1,1,3,4,0,0,0,0,0
AF1,CK1,Abbas,2021-05-07,2018-11-15,女生,5.91,1,1,4,12,0,0,0,0,0
AF1,CK1,Abbas,2021-05-09,2018-11-15,女生,5.81,1,1,2,7,0,0,0,0,0
AF1,CK1,Abbas,2021-05-23,2018-11-15,女生,5.87,1,1,4,3,0,0,0,0,0
AF1,CK1,Abbas,2021-05-24,2018-11-15,女生,6.29,0,0,2,13,0,0,0,0,0
AF1,CK1,Abbas,2021-05-31,2018-11-15,女生,6.28,1,0,5,13,0,0,0,0,0
AF1,CK1,Abbas,2021-06-07,2018-11-15,女生,5.99,1,1,3,14,0,0,0,0,0
AF1,CK1,Abbas,2021-06-13,2018-11-15,女生,6.25,1,0,5,12,0,0,0,0,0
AF1,CK1,Abbas,2021-07-10,2018-11-15,女生,6.26,0,1,3,3,0,0,0,0,0
AF1,CK1,Abbas,2021-08-12,2018-11-15,女生,5.87,1,1,5,10,0,0,0,0,0
AF1,CK1,Abbas,2021-08-13,2018-11-15,女生,6.20,1,0,2,10,0,0,0,0,0
AF1,CK1,Abbas,2021-08-27,2018-11-15,女生,5.82,0,0,3,9,0,0,0,0,0
AF1,CK1,Abbas,2021-08-30,2018-11-15,女生,5.85,0,0,4,6,0,0,0,0,0
AF1,CK1,Abbas,2021-09-02,2018-11-15,女生,5.96,1,0,4,12,0,0,0,0,0
AF1,CK1,Abbas,2021-09-07,2018-11-15,女生,6.03,1,0,5,8,0,0,0,0,0
AF1,CK1,Abbas,2021-09-10,2018-11-15,女生,5.87,0,0,4,9,0,0,0,0,0
AF1,CK1,Abbas,2021-09-12,2018-11-15,女生,6.00,0,0,2,11,0,0,0,0,0
AF1,CK1,Abbas,2021-09-23,2018-11-15,女生,6.13,0,0,2,7,0,0,0,0,0
AF1,CK1,Abbas,2021-09-27,2018-11-15,女生,6.06,0,1,4,13,0,0,0,0,0
AF1,CK1,Abbas,2021-10-09,2018-11-15,女生,6.21,1,1,4,9,0,0,0,0,0
AF1,CK1,Abbas,2021-10-11,2018-11-15,女生,6.00,0,1,2,12,0,0,0,0,0
AF1,CK1,Abbas,2021-10-25,2018-11-15,女生,6.15,0,0,5,10,0,0,0,0,0
AF1,CK1,Abbas,2021-10-27,2018-11-15,女生,6.19,0,1,3,8,0,0,0,0,0
AF1,CK1,Abbas,2021-11-01,2018-11-15,女生,5.85,0,1,4,6,0,0,0,0,0
AF1,CK1,Abbas,2021-11-05,2018-11-15,女生,6.06,0,0,2,8,0,0,0,0,0
AF1,CK1,Abbas,2021-11-06,2018-11-15,女生,6.07,0,0,4,6,0,0,0,0,0
AF1,CK1,Abbas,2021-11-15,2018-11-15,女生,6.08,1,0,4,6,0,0,0,0,0
AF1,CK1,Abbas,2021-11-20,2018-11-15,女生,6.09,0,0,2,8,0,0,0,0,0
AF1,CK1,Abbas,2021-11-21,2018-11-15,女生,6.00,0,0,5,7,0,0,0,0,0
AF1,CK1,Abbas,2021-11-29,2018-11-15,女生,6.29,0,1,4,11,0,0,0,0,0
AF1,CK1,Abbas,2021-12-04,2018-11-15,女生,6.28,1,1,3,4,0,0,0,0,0
AF1,CK1,Abbas,2021-12-20,2018-11-15,女生,5.89,1,0,5,10,0,0,0,0,0
AF1,CK1,Abbas,2021-12-31,2018-11-15,女生,6.09,1,1,4,6,0,0,0,0,0
AF1,CK1,Abbas,2022-01-08,2018-11-15,女生,6.01,0,1,2,11,0,0,0,0,0
AF1,CK1,Abbas,2022-01-25,2018-11-15,女生,6.01,0,1,2,6,0,0,0,0,0
AF1,CK1,Abbas,2022-01-27,2018-11-15,女生,6.21,1,0,5,10,0,0,0,0,0
AF1,CK1,Abbas,2022-02-02,2018-11-15,女生,6.23,1,0,3,9,0,0,0,0,0
AF1,CK1,Abbas,2022-02-07,2018-11-15,女生,5.82,0,0,2,12,0,0,0,0,0
AF1,CK1,Abbas,2022-02-09,2018-11-15,女生,6.12,0,0,3,7,0,0,0,0,0
AF1,CK1,Abbas,2022-02-12,2018-11-15,女生,6.03,1,1,4,3,0,0,0,0,0
AF1,CK1,Abbas,2022-02-14,2018-11-15,女生,6.15,1,0,3,8,0,0,0,0,0
AF1,CK1,Abbas,2022-02-17,2018-11-15,女生,5.88,0,0,3,6,0,0,0,0,0
AF1,CK1,Abbas,2022-02-18,2018-11-15,女生,6.21,0,0,3,4,0,0,0,0,0
AF1,CK1,Abbas,2022-02-23,2018-11-15,女生,6.16,0,1,5,14,0,0,0,0,0
AF1,CK1,Abbas,2022-03-11,2018-11-15,女生,5.85,0,0,2,11,0,0,0,0,0
AF1,CK1,Abbas,2022-04-23,2018-11-15,女生,5.85,0,1,4,14,0,0,0,0,0
AF1,CK1,Abbas,2022-04-25,2018-11-15,女生,5.90,0,0,3,3,0,0,0,0,0
AF1,CK1,Abbas,2022-05-16,2018-11-15,女生,6.12,0,0,5,6,0,0,0,0,0
AF1,CK1,Abbas,2022-06-09,2018-11-15,女生,5.93,1,1,2,14,0,0,0,0,0
AF1,CK1,Abbas,2022-06-16,2018-11-15,女生,5.83,1,1,3,13,0,0,0,0,0
AF1,CK1,Abbas,2022-07-12,2018-11-15,女生,6.32,0,0,2,10,0,0,0,0,0
AF1,CK1,Abbas,2022-07-23,2018-11-15,女生,6.19,1,0,3,7,0,0,0,0,0
AF1,CK1,Abbas,2022-08-07,2018-11-15,女生,5.93,1,0,4,5,0,0,0,0,0
AF1,CK1,Abbas,2022-08-12,2018-11-15,女生,5.92,0,1,3,5,0,0,0,0,0
AF1,CK1,Abbas,2022-08-22,2018-11-15,女生,5.81,0,0,3,12,0,0,0,0,0
AF1,CK1,Abbas,2022-08-26,2018-11-15,女生,5.82,0,0,5,11,0,0,0,0,0
AF1,CK1,Abbas,2022-09-28,2018-11-15,女生,6.19,1,1,2,4,0,0,0,0,0
AF1,CK1,Abbas,2022-11-02,2018-11-15,女生,6.06,0,0,2,3,0,0,0,0,0
AF1,CK1,Abbas,2022-11-12,2018-11-15,女生,6.06,0,1,4,4,0,0,0,0,0
AF1,CK1,Abbas,2022-11-23,2018-11-15,女生,6.04,1,0,3,3,0,0,0,0,0
AF1,CK1,Abbas,2022-11-29,2018-11-15,女生,5.91,1,0,4,8,0,0,0,0,0
AF1,CK1,Abbas,2022-12-07,2018-11-15,女生,6.22,1,0,3,5,0,0,0,0,0
AF1,CK1,Abbas,2022-12-16,2018-11-15,女生,5.83,1,0,2,4,0,0,0,0,0
AF1,CK1,Abbas,2022-12-26,2018-11-15,女生,5.86,1,0,5,3,0,0,0,0,0
AF1,CK1,Abbas,2022-12-30,2018-11-15,女生,5.61,1,0,4,6,0,0,0,0,0
AF1,CK1,Abbas,2022-01-01,2018-11-15,女生,5.80,1,1,2,10,0,0,0,0,0
AF1,CK1,Abbas,2023-01-12,2018-11-15,女生,6.22,1,0,3,6,0,0,0,0,0
AF1,CK1,Abbas,2023-01-15,2018-11-15,女生,6.00,1,0,5,14,0,0,0,0,0
AF1,CK1,Abbas,2023-01-17,2018-11-15,女生,5.95,0,0,4,10,0,0,0,0,0
AF1,CK1,Abbas,2023-01-28,2018-11-15,女生,6.19,0,0,2,3,0,0,0,0,0
AF1,CK1,Abbas,2023-01-31,2018-11-15,女生,5.62,1,1,2,14,0,0,0,0,0
AF1,CK1,Abbas,2023-02-19,2018-11-15,女生,6.08,1,0,3,5,0,0,0,0,0
AF1,CK1,Abbas,2023-03-04,2018-11-15,女生,5.81,0,0,3,14,0,0,0,0,0
AF1,CK1,Abbas,2023-03-09,2018-11-15,女生,6.10,1,0,5,3,0,0,0,0,0
AF1,CK1,Abbas,2023-03-12,2018-11-15,女生,6.03,0,0,5,9,0,0,0,0,0
AF1,CK1,Abbas,2023-03-13,2018-11-15,女生,5.95,0,1,4,11,0,0,0,0,0
AF1,CK1,Abbas,2023-03-15,2018-11-15,女生,6.09,0,0,3,10,0,0,0,0,0
AF1,CK1,Abbas,2023-03-17,2018-11-15,女生,6.24,1,0,3,12,0,0,0,0,0
AF1,CK2,Sydnee,2020-01-07,2019-07-27,女生,4.71,0,0,5,6,0,0,0,0,0
AF1,CK2,Sydnee,2020-01-28,2019-07-27,女生,4.80,0,0,2,7,0,0,0,0,0
AF1,CK2,Sydnee,2020-02-14,2019-07-27,女生,5.00,1,1,4,3,0,0,0,0,0
AF1,CK2,Sydnee,2020-02-15,2019-07-27,女生,4.58,0,1,5,6,0,0,0,0,0
AF1,CK2,Sydnee,2020-03-30,2019-07-27,女生,4.77,0,1,3,5,0,0,0,0,0
AF1,CK2,Sydnee,2020-04-14,2019-07-27,女生,4.86,0,1,2,14,0,0,0,0,0
AF1,CK2,Sydnee,2020-05-04,2019-07-27,女生,4.89,0,1,2,4,0,0,0,0,0
AF1,CK2,Sydnee,2020-05-23,2019-07-27,女生,4.79,0,0,2,5,0,0,0,0,0
AF1,CK2,Sydnee,2020-06-08,2019-07-27,女生,4.70,0,0,2,12,0,0,0,0,0
AF1,CK2,Sydnee,2020-06-14,2019-07-27,女生,4.79,0,1,5,14,0,0,0,0,0
AF1,CK2,Sydnee,2020-06-28,2019-07-27,女生,4.76,0,0,4,13,0,0,0,0,0
AF1,CK2,Sydnee,2020-07-01,2019-07-27,女生,4.95,0,1,4,14,0,0,0,0,0
AF1,CK2,Sydnee,2020-07-19,2019-07-27,女生,4.58,1,0,2,14,0,0,0,0,0
AF1,CK2,Sydnee,2020-08-04,2019-07-27,女生,4.95,1,1,3,5,0,0,0,0,0
AF1,CK2,Sydnee,2020-08-26,2019-07-27,女生,4.59,1,1,5,10,0,0,0,0,0
AF1,CK2,Sydnee,2020-08-28,2019-07-27,女生,4.70,0,1,5,11,0,0,0,0,0
AF1,CK2,Sydnee,2020-09-03,2019-07-27,女生,4.60,1,0,5,5,0,0,0,0,0
AF1,CK2,Sydnee,2020-09-12,2019-07-27,女生,4.86,1,1,2,3,0,0,0,0,0
AF1,CK2,Sydnee,2020-09-14,2019-07-27,女生,4.61,0,0,4,11,0,0,0,0,0
AF1,CK2,Sydnee,2020-09-17,2019-07-27,女生,5.06,0,1,5,10,0,0,0,0,0
AF1,CK2,Sydnee,2020-10-15,2019-07-27,女生,5.08,0,0,2,5,0,0,0,0,0
AF1,CK2,Sydnee,2020-12-08,2019-07-27,女生,4.72,0,0,3,8,0,0,0,0,0
AF1,CK2,Sydnee,2020-12-12,2019-07-27,女生,4.64,1,1,3,13,0,0,0,0,0
AF1,CK2,Sydnee,2020-12-13,2019-07-27,女生,5.07,0,0,5,5,0,0,0,0,0
AF1,CK2,Sydnee,2020-12-15,2019-07-27,女生,4.70,1,0,2,14,0,0,0,0,0
AF1,CK2,Sydnee,2020-12-22,2019-07-27,女生,4.99,0,0,4,3,0,0,0,0,0
AF1,CK2,Sydnee,2020-12-23,2019-07-27,女生,4.66,0,0,4,5,0,0,0,0,0
AF1,CK2,Sydnee,2020-12-29,2019-07-27,女生,5.03,1,1,3,4,0,0,0,0,0
AF1,CK2,Sydnee,2021-01-04,2019-07-27,女生,4.75,0,0,2,8,0,0,0,0,0
AF1,CK2,Sydnee,2021-01-06,2019-07-27,女生,4.64,1,0,4,14,0,0,0,0,0
AF1,CK2,Sydnee,2021-02-04,2019-07-27,女生,4.87,0,1,5,9,0,0,0,0,0
AF1,CK2,Sydnee,2021-02-09,2019-07-27,女生,4.73,1,1,5,10,0,0,0,0,0
AF1,CK2,Sydnee,2021-03-04,2019-07-27,女生,4.88,0,0,3,9,0,0,0,0,0
AF1,CK2,Sydnee,2021-03-09,2019-07-27,女生,4.56,0,0,5,4,0,0,0,0,0
AF1,CK2,Sydnee,2021-03-10,2019-07-27,女生,4.62,0,0,2,13,0,0,0,0,0
AF1,CK2,Sydnee,2021-03-18,2019-07-27,女生,5.57,1,1,5,10,0,0,0,0,0
AF1,CK2,Sydnee,2021-03-24,2019-07-27,女生,5.68,1,0,2,8,0,0,0,0,0
AF1,CK2,Sydnee,2021-03-25,2019-07-27,女生,5.13,1,0,4,12,0,0,0,0,0
AF1,CK2,Sydnee,2021-03-28,2019-07-27,女生,5.37,1,1,2,14,0,0,0,0,0
AF1,CK2,Sydnee,2021-04-06,2019-07-27,女生,5.60,0,0,5,13,0,0,0,0,0
AF1,CK2,Sydnee,2021-04-12,2019-07-27,女生,5.44,0,1,5,6,0,0,0,0,0
AF1,CK2,Sydnee,2021-05-07,2019-07-27,女生,5.68,0,0,2,14,0,0,0,0,0
AF1,CK2,Sydnee,2021-05-09,2019-07-27,女生,5.20,0,1,2,8,0,0,0,0,0
AF1,CK2,Sydnee,2021-05-12,2019-07-27,女生,5.40,0,1,5,11,0,0,0,0,0
AF1,CK2,Sydnee,2021-05-22,2019-07-27,女生,5.60,0,0,2,14,0,0,0,0,0
AF1,CK2,Sydnee,2021-06-14,2019-07-27,女生,5.45,0,1,2,9,0,0,0,0,0
AF1,CK2,Sydnee,2021-06-18,2019-07-27,女生,5.28,1,0,4,13,0,0,0,0,0
AF1,CK2,Sydnee,2021-07-11,2019-07-27,女生,5.14,1,1,3,9,0,0,0,0,0
AF1,CK2,Sydnee,2021-07-25,2019-07-27,女生,5.47,0,0,3,12,0,0,0,0,0
AF1,CK2,Sydnee,2021-07-27,2019-07-27,女生,5.70,0,1,4,7,0,0,0,0,0
AF1,CK2,Sydnee,2021-08-05,2019-07-27,女生,5.66,1,0,3,8,0,0,0,0,0
AF1,CK2,Sydnee,2021-08-18,2019-07-27,女生,5.56,0,0,2,5,0,0,0,0,0
AF1,CK2,Sydnee,2021-08-25,2019-07-27,女生,5.41,0,1,3,12,0,0,0,0,0
AF1,CK2,Sydnee,2021-09-08,2019-07-27,女生,5.27,1,1,2,5,0,0,0,0,0
AF1,CK2,Sydnee,2021-09-13,2019-07-27,女生,5.14,1,1,5,10,0,0,0,0,0
AF1,CK2,Sydnee,2021-10-03,2019-07-27,女生,5.27,0,0,4,11,0,0,0,0,0
AF1,CK2,Sydnee,2021-10-06,2019-07-27,女生,5.28,0,1,2,4,0,0,0,0,0
AF1,CK2,Sydnee,2021-10-11,2019-07-27,女生,5.27,0,0,2,6,0,0,0,0,0
AF1,CK2,Sydnee,2021-10-29,2019-07-27,女生,5.45,0,0,4,8,0,0,0,0,0
AF1,CK2,Sydnee,2021-11-12,2019-07-27,女生,5.55,0,0,3,10,0,0,0,0,0
AF1,CK2,Sydnee,2021-11-14,2019-07-27,女生,5.55,0,0,3,10,0,0,0,0,0
AF1,CK2,Sydnee,2021-12-10,2019-07-27,女生,5.19,0,1,5,4,0,0,0,0,0
AF1,CK2,Sydnee,2021-12-21,2019-07-27,女生,5.47,0,1,5,3,0,0,0,0,0
AF1,CK2,Sydnee,2021-12-29,2019-07-27,女生,5.68,1,0,5,4,0,0,0,0,0
AF1,CK2,Sydnee,2022-01-19,2019-07-27,女生,5.66,0,1,5,7,0,0,0,0,0
AF1,CK2,Sydnee,2022-01-23,2019-07-27,女生,5.72,0,0,2,5,0,0,0,0,0
AF1,CK2,Sydnee,2022-03-09,2019-07-27,女生,5.59,0,0,2,7,0,0,0,0,0
AF1,CK2,Sydnee,2022-03-15,2019-07-27,女生,5.35,0,0,2,7,0,0,0,0,0
AF1,CK2,Sydnee,2022-03-18,2019-07-27,女生,5.44,0,0,3,8,0,0,0,0,0
AF1,CK2,Sydnee,2022-03-22,2019-07-27,女生,5.67,0,0,5,6,0,0,0,0,0
AF1,CK2,Sydnee,2022-03-30,2019-07-27,女生,5.57,0,1,2,9,0,0,0,0,0
AF1,CK2,Sydnee,2022-04-06,2019-07-27,女生,5.28,1,0,5,6,0,0,0,0,0
AF1,CK2,Sydnee,2022-04-15,2019-07-27,女生,5.16,0,1,4,3,0,0,0,0,0
AF1,CK2,Sydnee,2022-05-11,2019-07-27,女生,5.49,0,0,2,12,0,0,0,0,0
AF1,CK2,Sydnee,2022-05-21,2019-07-27,女生,5.67,0,1,5,14,0,0,0,0,0
AF1,CK2,Sydnee,2022-05-29,2019-07-27,女生,5.49,0,1,3,7,0,0,0,0,0
AF1,CK2,Sydnee,2022-06-10,2019-07-27,女生,5.15,0,0,2,3,0,0,0,0,0
AF1,CK2,Sydnee,2022-06-24,2019-07-27,女生,5.55,0,1,5,13,0,0,0,0,0
AF1,CK2,Sydnee,2022-06-26,2019-07-27,女生,5.30,0,0,0,1,0,0,1,1,0
AF1,CK2,Sydnee,2022-06-27,2019-07-27,女生,5.21,0,0,0,1,0,0,1,1,0
AF1,CK2,Sydnee,2022-06-28,2019-07-27,女生,5.30,1,1,1,1,0,0,1,1,0
AF1,CK2,Sydnee,2022-07-24,2019-07-27,女生,5.23,0,0,5,7,0,0,0,0,0
AF1,CK2,Sydnee,2022-07-30,2019-07-27,女生,5.31,0,1,2,6,0,0,0,0,0
AF1,CK2,Sydnee,2022-07-31,2019-07-27,女生,5.18,1,0,4,8,0,0,0,0,0
AF1,CK2,Sydnee,2022-08-09,2019-07-27,女生,5.46,1,1,4,9,0,0,0,0,0
AF1,CK2,Sydnee,2022-08-30,2019-07-27,女生,5.43,0,1,3,8,0,0,0,0,0
AF1,CK2,Sydnee,2022-09-23,2019-07-27,女生,5.42,0,0,4,9,0,0,0,0,0
AF1,CK2,Sydnee,2022-10-02,2019-07-27,女生,5.53,0,0,4,6,0,0,0,0,0
AF1,CK2,Sydnee,2022-10-04,2019-07-27,女生,5.64,0,0,4,13,0,0,0,0,0
AF1,CK2,Sydnee,2022-10-05,2019-07-27,女生,5.15,0,1,5,9,0,0,0,0,0
AF1,CK2,Sydnee,2022-10-11,2019-07-27,女生,5.31,1,0,5,3,0,0,0,0,0
AF1,CK2,Sydnee,2022-11-01,2019-07-27,女生,5.36,1,0,5,4,0,0,0,0,0
AF1,CK2,Sydnee,2022-11-11,2019-07-27,女生,5.22,0,0,4,14,0,0,0,0,0
AF1,CK2,Sydnee,2022-11-26,2019-07-27,女生,5.25,1,0,3,6,0,0,0,0,0
AF1,CK2,Sydnee,2022-12-18,2019-07-27,女生,5.34,1,0,5,8,0,0,0,0,0
AF1,CK2,Sydnee,2022-12-19,2019-07-27,女生,5.48,1,1,2,3,0,0,0,0,0
AF1,CK2,Sydnee,2022-12-30,2019-07-27,女生,5.37,0,0,3,13,0,0,0,0,0
AF1,CK2,Sydnee,2023-01-05,2019-07-27,女生,5.55,0,0,5,8,0,0,0,0,0
AF1,CK2,Sydnee,2023-01-18,2019-07-27,女生,5.25,0,1,3,4,0,0,0,0,0
AF1,CK2,Sydnee,2023-01-29,2019-07-27,女生,5.28,1,1,5,3,0,0,0,0,0
AF1,CK2,Sydnee,2023-02-22,2019-07-27,女生,5.51,0,0,5,12,0,0,0,0,0
AF1,CK2,Sydnee,2023-02-25,2019-07-27,女生,5.58,0,0,4,3,0,0,0,0,0
AF1,CK2,Sydnee,2023-03-03,2019-07-27,女生,5.64,1,0,3,3,0,0,0,0,0
AF1,CK2,Sydnee,2023-03-16,2019-07-27,女生,5.24,0,1,5,7,0,0,0,0,0
AF2,CK3,Aegle,2020-01-05,2013-09-03,男生,5.10,1,1,5,4,0,0,0,0,0
AF2,CK3,Aegle,2020-01-06,2013-09-03,男生,5.31,1,0,4,6,0,0,0,0,0
AF2,CK3,Aegle,2020-01-26,2013-09-03,男生,5.20,0,0,3,14,0,0,0,0,0
AF2,CK3,Aegle,2020-01-30,2013-09-03,男生,5.20,1,1,5,10,0,0,0,0,0
AF2,CK3,Aegle,2020-02-12,2013-09-03,男生,5.17,0,1,4,4,0,0,0,0,0
AF2,CK3,Aegle,2020-02-14,2013-09-03,男生,5.26,0,1,3,10,0,0,0,0,0
AF2,CK3,Aegle,2020-02-16,2013-09-03,男生,5.40,0,1,5,12,0,0,0,0,0
AF2,CK3,Aegle,2020-02-19,2013-09-03,男生,5.24,0,0,3,7,0,0,0,0,0
AF2,CK3,Aegle,2020-03-10,2013-09-03,男生,5.37,1,0,2,10,0,0,0,0,0
AF2,CK3,Aegle,2020-03-14,2013-09-03,男生,5.42,0,1,2,4,0,0,0,0,0
AF2,CK3,Aegle,2020-03-24,2013-09-03,男生,5.48,0,1,3,8,0,0,0,0,0
AF2,CK3,Aegle,2020-04-11,2013-09-03,男生,5.06,0,1,4,8,1,0,0,0,0
AF2,CK3,Aegle,2020-04-12,2013-09-03,男生,5.04,1,1,4,12,1,0,0,0,0
AF2,CK3,Aegle,2020-04-13,2013-09-03,男生,5.04,0,0,3,13,1,0,0,0,0
AF2,CK3,Aegle,2020-04-14,2013-09-03,男生,5.13,1,1,5,10,1,0,0,0,0
AF2,CK3,Aegle,2020-04-15,2013-09-03,男生,5.20,0,1,3,14,1,0,0,0,0
AF2,CK3,Aegle,2020-04-16,2013-09-03,男生,5.16,1,0,2,10,1,0,0,0,0
AF2,CK3,Aegle,2020-04-17,2013-09-03,男生,5.51,1,0,5,14,1,0,0,0,0
AF2,CK3,Aegle,2020-04-18,2013-09-03,男生,5.08,1,1,5,10,0,0,0,0,0
AF2,CK3,Aegle,2020-04-19,2013-09-03,男生,5.49,1,1,4,11,0,0,0,0,0
AF2,CK3,Aegle,2020-04-20,2013-09-03,男生,5.12,0,0,4,8,0,0,0,0,0
AF2,CK3,Aegle,2020-04-21,2013-09-03,男生,5.44,1,0,4,11,1,0,0,0,0
AF2,CK3,Aegle,2020-04-22,2013-09-03,男生,5.52,1,0,3,10,1,0,0,0,0
AF2,CK3,Aegle,2020-04-23,2013-09-03,男生,5.24,1,1,4,4,1,0,0,0,0
AF2,CK3,Aegle,2020-04-24,2013-09-03,男生,5.30,0,0,5,8,1,0,0,0,0
AF2,CK3,Aegle,2020-04-25,2013-09-03,男生,5.49,0,0,3,13,1,0,0,0,0
AF2,CK3,Aegle,2020-05-05,2013-09-03,男生,5.41,0,0,5,3,0,0,0,0,0
AF2,CK3,Aegle,2020-05-13,2013-09-03,男生,5.19,0,0,5,12,0,0,0,0,0
AF2,CK3,Aegle,2020-05-20,2013-09-03,男生,5.04,1,1,2,4,0,0,0,0,0
AF2,CK3,Aegle,2020-06-03,2013-09-03,男生,5.40,1,1,4,11,0,0,0,0,0
AF2,CK3,Aegle,2020-07-05,2013-09-03,男生,5.43,0,0,5,4,0,0,0,0,0
AF2,CK3,Aegle,2020-07-09,2013-09-03,男生,5.19,1,0,3,13,0,0,0,0,0
AF2,CK3,Aegle,2020-08-06,2013-09-03,男生,5.28,0,1,5,14,0,0,0,0,0
AF2,CK3,Aegle,2020-08-24,2013-09-03,男生,5.43,0,0,3,7,0,0,0,0,0
AF2,CK3,Aegle,2020-08-27,2013-09-03,男生,5.10,0,0,4,6,0,0,0,0,0
AF2,CK3,Aegle,2020-09-05,2013-09-03,男生,5.16,0,1,3,7,0,0,0,0,0
AF2,CK3,Aegle,2020-09-15,2013-09-03,男生,5.55,1,0,4,4,0,0,0,0,0
AF2,CK3,Aegle,2020-09-23,2013-09-03,男生,5.83,0,0,4,12,0,0,0,0,0
AF2,CK3,Aegle,2020-10-09,2013-09-03,男生,5.76,1,1,4,14,0,0,0,0,0
AF2,CK3,Aegle,2020-10-25,2013-09-03,男生,5.73,0,0,3,12,0,0,0,0,0
AF2,CK3,Aegle,2020-11-12,2013-09-03,男生,5.64,1,1,2,8,0,0,0,0,0
AF2,CK3,Aegle,2020-11-16,2013-09-03,男生,5.86,0,1,4,3,0,0,0,0,0
AF2,CK3,Aegle,2020-11-17,2013-09-03,男生,5.54,1,0,4,5,0,0,0,0,0
AF2,CK3,Aegle,2020-11-24,2013-09-03,男生,5.89,0,0,4,5,0,0,0,0,0
AF2,CK3,Aegle,2020-11-29,2013-09-03,男生,5.77,0,0,4,12,0,0,0,0,0
AF2,CK3,Aegle,2020-12-02,2013-09-03,男生,5.90,1,0,3,5,0,0,0,0,0
AF2,CK3,Aegle,2020-12-09,2013-09-03,男生,5.45,0,1,3,13,0,0,0,0,0
AF2,CK3,Aegle,2020-12-29,2013-09-03,男生,5.46,1,1,3,13,0,0,0,0,0
AF2,CK3,Aegle,2021-01-14,2013-09-03,男生,5.52,0,1,2,9,0,0,0,0,0
AF2,CK3,Aegle,2021-01-16,2013-09-03,男生,5.74,1,1,4,13,0,0,0,0,0
AF2,CK3,Aegle,2021-02-24,2013-09-03,男生,5.66,0,0,2,8,0,0,0,0,0
AF2,CK3,Aegle,2021-02-25,2013-09-03,男生,5.68,0,1,2,8,0,0,0,0,0
AF2,CK3,Aegle,2021-02-27,2013-09-03,男生,5.44,0,0,3,8,0,0,0,0,0
AF2,CK3,Aegle,2021-03-04,2013-09-03,男生,5.55,0,1,5,6,0,0,0,0,0
AF2,CK3,Aegle,2021-03-25,2013-09-03,男生,5.74,1,1,4,3,0,0,0,0,0
AF2,CK3,Aegle,2021-03-31,2013-09-03,男生,5.52,1,1,2,10,0,0,0,0,0
AF2,CK3,Aegle,2021-04-08,2013-09-03,男生,5.70,0,0,3,11,0,0,0,0,0
AF2,CK3,Aegle,2021-04-20,2013-09-03,男生,5.70,1,0,4,6,0,0,0,0,0
AF2,CK3,Aegle,2021-05-07,2013-09-03,男生,5.50,0,1,5,3,0,0,0,0,0
AF2,CK3,Aegle,2021-06-17,2013-09-03,男生,5.61,0,0,2,4,0,0,0,0,0
AF2,CK3,Aegle,2021-06-26,2013-09-03,男生,5.63,1,1,4,9,0,0,0,0,0
AF2,CK3,Aegle,2021-07-07,2013-09-03,男生,5.76,0,1,5,3,0,0,0,0,0
AF2,CK3,Aegle,2021-07-24,2013-09-03,男生,5.82,1,0,3,6,0,0,0,0,0
AF2,CK3,Aegle,2021-08-31,2013-09-03,男生,5.70,1,1,4,5,0,0,0,0,0
AF2,CK3,Aegle,2021-09-20,2013-09-03,男生,5.51,0,0,2,3,0,0,0,0,0
AF2,CK3,Aegle,2021-10-04,2013-09-03,男生,5.60,1,0,4,10,0,0,0,0,0
AF2,CK3,Aegle,2021-10-18,2013-09-03,男生,5.49,1,0,4,5,0,0,0,0,0
AF2,CK3,Aegle,2021-11-05,2013-09-03,男生,5.74,1,0,3,11,0,0,0,0,0
AF2,CK3,Aegle,2021-11-12,2013-09-03,男生,5.57,0,0,3,9,0,0,0,0,0
AF2,CK3,Aegle,2021-11-26,2013-09-03,男生,5.78,1,1,2,4,0,0,0,0,0
AF2,CK3,Aegle,2021-12-17,2013-09-03,男生,5.87,1,0,4,7,0,0,0,0,0
AF2,CK3,Aegle,2021-12-18,2013-09-03,男生,5.47,1,1,5,6,0,0,0,0,0
AF2,CK3,Aegle,2022-03-04,2013-09-03,男生,5.72,1,1,3,4,0,0,0,0,0
AF2,CK3,Aegle,2022-03-07,2013-09-03,男生,5.69,0,1,2,10,0,0,0,0,0
AF2,CK3,Aegle,2022-03-20,2013-09-03,男生,5.57,1,1,2,8,0,0,0,0,0
AF2,CK3,Aegle,2022-03-21,2013-09-03,男生,5.48,0,0,5,13,0,0,0,0,0
AF2,CK3,Aegle,2022-03-27,2013-09-03,男生,5.66,0,0,2,3,0,0,0,0,0
AF2,CK3,Aegle,2022-05-18,2013-09-03,男生,5.75,1,1,2,9,0,0,0,0,0
AF2,CK3,Aegle,2022-05-20,2013-09-03,男生,5.78,1,1,5,3,0,0,0,0,0
AF2,CK3,Aegle,2022-05-27,2013-09-03,男生,5.68,0,0,2,4,0,0,0,0,0
AF2,CK3,Aegle,2022-05-30,2013-09-03,男生,5.73,0,1,5,7,0,0,0,0,0
AF2,CK3,Aegle,2022-06-23,2013-09-03,男生,5.83,1,0,2,13,0,0,0,0,0
AF2,CK3,Aegle,2022-06-30,2013-09-03,男生,5.65,0,0,5,10,0,0,0,0,0
AF2,CK3,Aegle,2022-07-23,2013-09-03,男生,5.78,0,1,2,9,0,0,0,0,0
AF2,CK3,Aegle,2022-07-24,2013-09-03,男生,5.78,0,1,4,9,0,0,0,0,0
AF2,CK3,Aegle,2022-08-06,2013-09-03,男生,5.78,1,0,3,14,0,0,0,0,0
AF2,CK3,Aegle,2022-08-07,2013-09-03,男生,5.71,0,0,3,7,0,0,0,0,0
AF2,CK3,Aegle,2022-08-11,2013-09-03,男生,5.86,1,0,2,10,0,0,0,0,0
AF2,CK3,Aegle,2022-08-27,2013-09-03,男生,5.58,0,0,5,9,0,0,0,0,0
AF2,CK3,Aegle,2022-09-04,2013-09-03,男生,5.58,0,0,2,4,0,0,0,0,0
AF2,CK3,Aegle,2022-09-23,2013-09-03,男生,5.57,1,0,3,9,0,0,0,0,0
AF2,CK3,Aegle,2022-10-05,2013-09-03,男生,5.57,0,1,5,11,0,0,0,0,0
AF2,CK3,Aegle,2022-10-12,2013-09-03,男生,5.69,1,1,3,6,0,0,0,0,0
AF2,CK3,Aegle,2022-10-14,2013-09-03,男生,5.66,0,1,5,3,0,0,0,0,0
AF2,CK3,Aegle,2022-10-16,2013-09-03,男生,5.88,1,1,2,11,0,0,0,0,0
AF2,CK3,Aegle,2022-11-06,2013-09-03,男生,5.78,1,1,2,3,0,0,0,0,0
AF2,CK3,Aegle,2022-11-20,2013-09-03,男生,5.61,1,0,2,10,0,0,0,0,0
AF2,CK3,Aegle,2022-11-29,2013-09-03,男生,5.75,1,0,4,8,0,0,0,0,0
AF2,CK3,Aegle,2022-12-05,2013-09-03,男生,5.69,0,0,5,5,0,0,0,0,0
AF2,CK3,Aegle,2022-12-18,2013-09-03,男生,5.82,1,0,2,12,0,0,0,0,0
AF2,CK3,Aegle,2022-12-22,2013-09-03,男生,5.68,0,0,2,12,0,0,0,0,0
AF2,CK3,Aegle,2022-12-28,2013-09-03,男生,5.81,0,1,4,8,0,0,0,0,0
AF2,CK3,Aegle,2023-01-02,2013-09-03,男生,5.60,1,0,5,3,0,0,0,0,0
AF2,CK3,Aegle,2023-01-07,2013-09-03,男生,5.69,0,0,3,9,0,0,0,0,0
AF2,CK3,Aegle,2023-01-10,2013-09-03,男生,5.68,0,1,5,7,0,0,0,0,0
AF2,CK3,Aegle,2023-01-12,2013-09-03,男生,5.83,0,1,4,8,0,0,0,0,0
AF2,CK3,Aegle,2023-01-13,2013-09-03,男生,5.87,0,0,2,13,0,0,0,0,0
AF2,CK3,Aegle,2023-02-06,2013-09-03,男生,5.78,1,1,3,13,0,0,0,0,0
AF2,CK3,Aegle,2023-02-11,2013-09-03,男生,5.65,0,0,5,9,0,0,0,0,0
AF2,CK3,Aegle,2023-02-12,2013-09-03,男生,5.54,1,1,5,4,0,0,0,0,0
AF2,CK3,Aegle,2023-02-21,2013-09-03,男生,5.65,0,1,5,6,0,0,0,0,0
AF2,CK3,Aegle,2023-02-24,2013-09-03,男生,5.68,1,1,2,5,0,0,0,0,0
AF2,CK3,Aegle,2023-02-25,2013-09-03,男生,5.64,1,0,4,10,0,0,0,0,0
AF2,CK3,Aegle,2023-02-28,2013-09-03,男生,5.85,0,0,5,3,0,0,0,0,0
AF2,CK3,Aegle,2023-03-05,2013-09-03,男生,5.70,1,0,4,14,0,0,0,0,0
AF2,CK3,Aegle,2023-03-11,2013-09-03,男生,5.67,0,1,3,7,0,0,0,0,0
AF2,CK4,Tristian,2020-01-05,2015-05-10,男生,7.20,1,0,3,8,0,0,0,0,0
AF2,CK4,Tristian,2020-01-06,2015-05-10,男生,7.51,0,0,5,12,0,0,0,0,0
AF2,CK4,Tristian,2020-01-26,2015-05-10,男生,7.12,1,0,2,6,0,0,0,0,0
AF2,CK4,Tristian,2020-01-30,2015-05-10,男生,7.20,0,0,3,13,0,0,0,0,0
AF2,CK4,Tristian,2020-02-12,2015-05-10,男生,7.13,0,0,3,9,0,0,0,0,0
AF2,CK4,Tristian,2020-02-14,2015-05-10,男生,7.37,0,1,3,6,0,0,0,0,0
AF2,CK4,Tristian,2020-02-16,2015-05-10,男生,7.53,0,0,5,4,0,0,0,0,0
AF2,CK4,Tristian,2020-02-19,2015-05-10,男生,7.49,1,1,3,3,0,0,0,0,0
AF2,CK4,Tristian,2020-03-10,2015-05-10,男生,7.37,0,1,5,11,0,0,0,0,0
AF2,CK4,Tristian,2020-03-11,2015-05-10,男生,7.55,1,0,17,13,1,1,0,0,1
AF2,CK4,Tristian,2020-03-12,2015-05-10,男生,7.13,1,0,17,10,1,1,0,0,1
AF2,CK4,Tristian,2020-03-13,2015-05-10,男生,7.35,0,1,12,7,1,1,0,0,1
AF2,CK4,Tristian,2020-03-14,2015-05-10,男生,7.46,0,1,15,3,1,1,0,0,1
AF2,CK4,Tristian,2020-03-15,2015-05-10,男生,7.24,0,1,15,13,1,1,0,0,1
AF2,CK4,Tristian,2020-03-16,2015-05-10,男生,7.35,1,0,7,7,1,1,0,0,1
AF2,CK4,Tristian,2020-03-17,2015-05-10,男生,7.38,1,1,15,9,1,1,0,0,1
AF2,CK4,Tristian,2020-03-18,2015-05-10,男生,7.38,1,1,10,2,1,1,1,1,1
AF2,CK4,Tristian,2020-03-19,2015-05-10,男生,7.30,1,1,13,2,1,1,1,1,1
AF2,CK4,Tristian,2020-03-20,2015-05-10,男生,7.35,1,1,13,0,1,1,1,1,1
AF2,CK4,Tristian,2020-03-24,2015-05-10,男生,7.24,1,1,5,7,0,0,0,0,0
AF2,CK4,Tristian,2020-04-11,2015-05-10,男生,7.25,1,1,2,12,0,0,0,0,0
AF2,CK4,Tristian,2020-04-12,2015-05-10,男生,7.44,0,0,5,4,0,0,0,0,0
AF2,CK4,Tristian,2020-04-23,2015-05-10,男生,7.53,0,1,3,6,0,0,0,0,0
AF2,CK4,Tristian,2020-05-13,2015-05-10,男生,7.40,0,1,3,13,0,0,0,0,0
AF2,CK4,Tristian,2020-05-20,2015-05-10,男生,7.14,1,0,3,6,0,0,0,0,0
AF2,CK4,Tristian,2020-06-03,2015-05-10,男生,7.31,1,1,5,3,0,0,0,0,0
AF2,CK4,Tristian,2020-07-05,2015-05-10,男生,7.31,0,1,3,9,0,0,0,0,0
AF2,CK4,Tristian,2020-07-09,2015-05-10,男生,7.24,1,1,2,8,0,0,0,0,0
AF2,CK4,Tristian,2020-08-06,2015-05-10,男生,7.41,1,0,2,14,0,0,0,0,0
AF2,CK4,Tristian,2020-08-24,2015-05-10,男生,7.26,0,1,2,7,0,0,0,0,0
AF2,CK4,Tristian,2020-08-27,2015-05-10,男生,7.14,0,1,2,3,0,0,0,0,0
AF2,CK4,Tristian,2020-09-05,2015-05-10,男生,7.46,0,1,3,9,0,0,0,0,0
AF2,CK4,Tristian,2020-09-15,2015-05-10,男生,7.12,0,1,3,11,0,0,0,0,0
AF2,CK4,Tristian,2020-09-23,2015-05-10,男生,7.32,1,1,2,10,0,0,0,0,0
AF2,CK4,Tristian,2020-10-09,2015-05-10,男生,7.31,0,1,3,7,0,0,0,0,0
AF2,CK4,Tristian,2020-10-25,2015-05-10,男生,7.46,1,0,2,12,0,0,0,0,0
AF2,CK4,Tristian,2020-11-12,2015-05-10,男生,7.14,1,1,2,3,0,0,0,0,0
AF2,CK4,Tristian,2020-11-16,2015-05-10,男生,7.54,0,1,2,3,0,0,0,0,0
AF2,CK4,Tristian,2020-11-18,2015-05-10,男生,7.51,0,1,2,9,0,0,0,0,0
AF2,CK4,Tristian,2020-11-24,2015-05-10,男生,7.51,0,0,5,8,0,0,0,0,0
AF2,CK4,Tristian,2020-11-29,2015-05-10,男生,7.24,0,1,4,6,0,0,0,0,0
AF2,CK4,Tristian,2020-12-02,2015-05-10,男生,7.29,0,1,5,13,0,0,0,0,0
AF2,CK4,Tristian,2020-12-09,2015-05-10,男生,7.39,0,1,2,11,0,0,0,0,0
AF2,CK4,Tristian,2020-12-29,2015-05-10,男生,7.55,1,1,5,9,0,0,0,0,0
AF2,CK4,Tristian,2021-01-14,2015-05-10,男生,7.42,1,1,5,5,0,0,0,0,0
AF2,CK4,Tristian,2021-01-16,2015-05-10,男生,6.73,1,0,4,8,0,0,0,0,0
AF2,CK4,Tristian,2021-02-24,2015-05-10,男生,6.89,1,1,4,9,0,0,0,0,0
AF2,CK4,Tristian,2021-02-25,2015-05-10,男生,6.85,0,0,3,13,0,0,0,0,0
AF2,CK4,Tristian,2021-02-27,2015-05-10,男生,7.09,0,1,4,12,0,0,0,0,0
AF2,CK4,Tristian,2021-03-04,2015-05-10,男生,6.82,1,1,2,11,0,0,0,0,0
AF2,CK4,Tristian,2021-03-25,2015-05-10,男生,7.01,1,0,5,10,0,0,0,0,0
AF2,CK4,Tristian,2021-03-31,2015-05-10,男生,6.97,1,1,3,13,0,0,0,0,0
AF2,CK4,Tristian,2021-04-08,2015-05-10,男生,6.91,1,1,5,6,0,0,0,0,0
AF2,CK4,Tristian,2021-04-20,2015-05-10,男生,6.99,0,0,3,6,0,0,0,0,0
AF2,CK4,Tristian,2021-05-07,2015-05-10,男生,6.73,1,0,4,6,0,0,0,0,0
AF2,CK4,Tristian,2021-06-17,2015-05-10,男生,6.75,0,0,3,12,0,0,0,0,0
AF2,CK4,Tristian,2021-06-26,2015-05-10,男生,6.74,1,1,2,11,0,0,0,0,0
AF2,CK4,Tristian,2021-07-07,2015-05-10,男生,6.74,1,1,2,10,0,0,0,0,0
AF2,CK4,Tristian,2021-07-24,2015-05-10,男生,6.69,0,0,5,12,0,0,0,0,0
AF2,CK4,Tristian,2021-08-31,2015-05-10,男生,7.09,0,0,3,3,0,0,0,0,0
AF2,CK4,Tristian,2021-09-20,2015-05-10,男生,7.05,1,0,2,10,0,0,0,0,0
AF2,CK4,Tristian,2021-10-04,2015-05-10,男生,6.86,1,0,3,13,0,0,0,0,0
AF2,CK4,Tristian,2021-10-18,2015-05-10,男生,7.00,1,0,5,8,0,0,0,0,0
AF2,CK4,Tristian,2021-11-05,2015-05-10,男生,6.86,1,1,4,11,0,0,0,0,0
AF2,CK4,Tristian,2021-11-12,2015-05-10,男生,6.74,1,1,3,14,0,0,0,0,0
AF2,CK4,Tristian,2021-11-26,2015-05-10,男生,6.72,1,0,3,3,0,0,0,0,0
AF2,CK4,Tristian,2021-12-17,2015-05-10,男生,6.81,0,1,4,14,0,0,0,0,0
AF2,CK4,Tristian,2021-12-18,2015-05-10,男生,7.02,1,1,5,14,0,0,0,0,0
AF2,CK4,Tristian,2022-03-04,2015-05-10,男生,7.04,1,0,5,3,0,0,0,0,0
AF2,CK4,Tristian,2022-03-07,2015-05-10,男生,6.83,1,0,2,5,0,0,0,0,0
AF2,CK4,Tristian,2022-03-20,2015-05-10,男生,7.07,1,1,3,4,0,0,0,0,0
AF2,CK4,Tristian,2022-03-21,2015-05-10,男生,6.73,0,1,3,3,0,0,0,0,0
AF2,CK4,Tristian,2022-03-27,2015-05-10,男生,7.06,1,1,5,4,0,0,0,0,0
AF2,CK4,Tristian,2022-05-18,2015-05-10,男生,7.04,1,0,4,13,0,0,0,0,0
AF2,CK4,Tristian,2022-05-27,2015-05-10,男生,6.69,1,0,2,14,0,0,0,0,0
AF2,CK4,Tristian,2022-05-28,2015-05-10,男生,6.87,1,1,3,10,0,0,0,0,0
AF2,CK4,Tristian,2022-05-30,2015-05-10,男生,7.06,1,0,2,10,0,0,0,0,0
AF2,CK4,Tristian,2022-06-23,2015-05-10,男生,7.05,0,0,4,10,0,0,0,0,0
AF2,CK4,Tristian,2022-06-30,2015-05-10,男生,6.96,1,1,2,7,0,0,0,0,0
AF2,CK4,Tristian,2022-07-23,2015-05-10,男生,6.85,1,1,3,12,0,0,0,0,0
AF2,CK4,Tristian,2022-07-24,2015-05-10,男生,6.92,1,1,2,7,0,0,0,0,0
AF2,CK4,Tristian,2022-08-06,2015-05-10,男生,6.90,1,0,3,6,0,0,0,0,0
AF2,CK4,Tristian,2022-08-07,2015-05-10,男生,6.69,1,0,2,4,0,0,0,0,0
AF2,CK4,Tristian,2022-08-11,2015-05-10,男生,6.92,1,1,4,5,0,0,0,0,0
AF2,CK4,Tristian,2022-08-27,2015-05-10,男生,6.71,1,0,4,8,0,0,0,0,0
AF2,CK4,Tristian,2022-09-04,2015-05-10,男生,6.94,0,1,4,10,0,0,0,0,0
AF2,CK4,Tristian,2022-09-23,2015-05-10,男生,6.88,1,1,3,14,0,0,0,0,0
AF2,CK4,Tristian,2022-10-05,2015-05-10,男生,6.84,0,1,4,4,0,0,0,0,0
AF2,CK4,Tristian,2022-10-12,2015-05-10,男生,6.71,1,0,2,4,0,0,0,0,0
AF2,CK4,Tristian,2022-10-14,2015-05-10,男生,6.80,1,1,4,4,0,0,0,0,0
AF2,CK4,Tristian,2022-10-16,2015-05-10,男生,6.58,0,1,2,11,0,0,0,0,0
AF2,CK4,Tristian,2022-11-06,2015-05-10,男生,6.78,1,0,5,12,0,0,0,0,0
AF2,CK4,Tristian,2022-11-20,2015-05-10,男生,6.85,0,0,2,5,0,0,0,0,0
AF2,CK4,Tristian,2022-11-29,2015-05-10,男生,6.56,1,1,4,12,0,0,0,0,0
AF2,CK4,Tristian,2022-12-05,2015-05-10,男生,6.88,0,1,4,10,0,0,0,0,0
AF2,CK4,Tristian,2022-12-18,2015-05-10,男生,6.77,1,0,3,7,0,0,0,0,0
AF2,CK4,Tristian,2022-12-22,2015-05-10,男生,6.66,1,1,5,6,0,0,0,0,0
AF2,CK4,Tristian,2022-12-28,2015-05-10,男生,6.60,1,0,3,12,0,0,0,0,0
AF2,CK4,Tristian,2023-01-02,2015-05-10,男生,6.61,1,1,3,12,0,0,0,0,0
AF2,CK4,Tristian,2023-01-07,2015-05-10,男生,6.69,1,0,4,3,0,0,0,0,0
AF2,CK4,Tristian,2023-01-10,2015-05-10,男生,6.85,0,1,3,11,0,0,0,0,0
AF2,CK4,Tristian,2023-01-12,2015-05-10,男生,6.88,1,0,3,7,0,0,0,0,0
AF2,CK4,Tristian,2023-01-13,2015-05-10,男生,6.78,0,1,3,13,0,0,0,0,0
AF2,CK4,Tristian,2023-02-06,2015-05-10,男生,6.76,1,1,4,14,0,0,0,0,0
AF2,CK4,Tristian,2023-02-11,2015-05-10,男生,6.56,1,1,4,12,0,0,0,0,0
AF2,CK4,Tristian,2023-02-12,2015-05-10,男生,6.56,0,1,3,13,0,0,0,0,0
AF2,CK4,Tristian,2023-02-21,2015-05-10,男生,6.81,1,0,4,12,0,0,0,0,0
AF2,CK4,Tristian,2023-02-24,2015-05-10,男生,6.70,1,0,3,9,0,0,0,0,0
AF2,CK4,Tristian,2023-02-25,2015-05-10,男生,6.70,0,0,5,6,0,0,0,0,0
AF2,CK4,Tristian,2023-02-28,2015-05-10,男生,6.68,1,0,5,14,0,0,0,0,0
AF2,CK4,Tristian,2023-03-05,2015-05-10,男生,6.70,1,1,5,8,0,0,0,0,0
AF2,CK4,Tristian,2023-03-11,2015-05-10,男生,6.86,1,1,3,14,0,0,0,0,0
AF2,CK5,Dane,2020-01-10,2019-11-09,男生,4.24,1,1,4,6,0,0,0,0,0
AF2,CK5,Dane,2020-01-16,2019-11-09,男生,4.32,0,1,6,14,0,0,0,0,0
AF2,CK5,Dane,2020-01-18,2019-11-09,男生,4.40,1,0,3,11,0,0,0,0,0
AF2,CK5,Dane,2020-01-25,2019-11-09,男生,4.42,1,1,4,12,0,0,0,0,0
AF2,CK5,Dane,2020-02-02,2019-11-09,男生,4.42,1,0,2,12,0,0,0,0,0
AF2,CK5,Dane,2020-02-08,2019-11-09,男生,4.50,0,0,2,13,0,0,0,0,0
AF2,CK5,Dane,2020-02-09,2019-11-09,男生,4.45,1,0,3,7,0,0,0,0,0
AF2,CK5,Dane,2020-03-11,2019-11-09,男生,4.33,1,0,2,13,0,0,0,0,0
AF2,CK5,Dane,2020-03-22,2019-11-09,男生,4.22,0,1,6,8,0,0,0,0,0
AF2,CK5,Dane,2020-04-01,2019-11-09,男生,4.41,1,0,4,6,0,0,0,0,0
AF2,CK5,Dane,2020-04-10,2019-11-09,男生,4.29,1,0,3,4,0,0,0,0,0
AF2,CK5,Dane,2020-04-17,2019-11-09,男生,4.30,0,0,6,7,0,0,0,0,0
AF2,CK5,Dane,2020-05-10,2019-11-09,男生,4.38,1,0,5,6,0,0,0,0,0
AF2,CK5,Dane,2020-05-17,2019-11-09,男生,4.44,1,1,2,12,0,0,0,0,0
AF2,CK5,Dane,2020-05-18,2019-11-09,男生,4.27,1,0,3,3,0,0,0,0,0
AF2,CK5,Dane,2020-05-22,2019-11-09,男生,4.51,1,1,6,14,0,0,0,0,0
AF2,CK5,Dane,2020-06-07,2019-11-09,男生,4.25,0,1,2,14,0,0,0,0,0
AF2,CK5,Dane,2020-06-10,2019-11-09,男生,4.24,1,1,3,6,0,0,0,0,0
AF2,CK5,Dane,2020-06-13,2019-11-09,男生,4.54,1,0,5,8,0,0,0,0,0
AF2,CK5,Dane,2020-06-14,2019-11-09,男生,4.32,1,0,5,7,0,0,0,0,0
AF2,CK5,Dane,2020-06-26,2019-11-09,男生,4.41,0,1,3,10,0,0,0,0,0
AF2,CK5,Dane,2020-07-04,2019-11-09,男生,4.51,0,0,6,4,0,0,0,0,0
AF2,CK5,Dane,2020-07-05,2019-11-09,男生,4.46,0,1,6,7,0,0,0,0,0
AF2,CK5,Dane,2020-07-06,2019-11-09,男生,4.24,0,1,5,5,0,0,0,0,0
AF2,CK5,Dane,2020-07-07,2019-11-09,男生,4.31,1,1,5,6,0,0,0,0,0
AF2,CK5,Dane,2020-07-08,2019-11-09,男生,4.40,0,1,3,12,0,0,0,0,0
AF2,CK5,Dane,2020-07-09,2019-11-09,男生,4.51,0,1,6,14,0,0,0,0,0
AF2,CK5,Dane,2020-07-10,2019-11-09,男生,4.30,1,1,5,3,0,0,0,0,0
AF2,CK5,Dane,2020-07-11,2019-11-09,男生,4.45,1,1,6,7,0,0,0,0,0
AF2,CK5,Dane,2020-07-12,2019-11-09,男生,4.47,0,0,1,0,0,0,0,0,0
AF2,CK5,Dane,2020-07-13,2019-11-09,男生,4.41,0,0,0,1,0,0,0,0,0
AF2,CK5,Dane,2020-07-14,2019-11-09,男生,4.62,1,0,0,1,0,0,0,0,0
AF2,CK5,Dane,2020-07-15,2019-11-09,男生,4.65,0,0,1,0,0,0,0,0,0
AF2,CK5,Dane,2020-07-16,2019-11-09,男生,4.89,0,0,1,2,0,0,0,0,0
AF2,CK5,Dane,2020-07-29,2019-11-09,男生,4.84,0,0,5,12,0,0,0,0,0
AF2,CK5,Dane,2020-08-12,2019-11-09,男生,4.64,1,0,6,6,0,0,0,0,0
AF2,CK5,Dane,2020-09-04,2019-11-09,男生,4.89,1,1,6,8,0,0,0,0,0
AF2,CK5,Dane,2020-09-19,2019-11-09,男生,4.71,0,0,3,8,0,0,0,0,0
AF2,CK5,Dane,2020-09-24,2019-11-09,男生,4.83,1,1,5,10,0,0,0,0,0
AF2,CK5,Dane,2020-09-26,2019-11-09,男生,4.90,0,1,4,13,0,0,0,0,0
AF2,CK5,Dane,2020-10-14,2019-11-09,男生,4.92,1,1,5,10,0,0,0,0,0
AF2,CK5,Dane,2020-10-15,2019-11-09,男生,4.55,0,1,3,13,0,0,0,0,0
AF2,CK5,Dane,2020-10-21,2019-11-09,男生,4.75,1,0,6,14,0,0,0,0,0
AF2,CK5,Dane,2020-11-06,2019-11-09,男生,4.75,0,0,5,13,0,0,0,0,0
AF2,CK5,Dane,2020-11-12,2019-11-09,男生,4.61,1,0,2,11,0,0,0,0,0
AF2,CK5,Dane,2020-11-15,2019-11-09,男生,4.73,1,1,2,13,0,0,0,0,0
AF2,CK5,Dane,2020-12-04,2019-11-09,男生,4.58,1,0,2,3,0,0,0,0,0
AF2,CK5,Dane,2020-12-11,2019-11-09,男生,4.93,0,0,2,9,0,0,0,0,0
AF2,CK5,Dane,2020-12-20,2019-11-09,男生,4.61,1,0,4,9,0,0,0,0,0
AF2,CK5,Dane,2021-01-18,2019-11-09,男生,4.93,0,0,4,10,0,0,0,0,0
AF2,CK5,Dane,2021-01-23,2019-11-09,男生,4.68,0,1,6,6,0,0,0,0,0
AF2,CK5,Dane,2021-02-11,2019-11-09,男生,4.71,1,1,2,9,0,0,0,0,0
AF2,CK5,Dane,2021-03-04,2019-11-09,男生,4.92,1,1,6,7,0,0,0,0,0
AF2,CK5,Dane,2021-03-09,2019-11-09,男生,5.05,1,1,3,6,0,0,0,0,0
AF2,CK5,Dane,2021-03-16,2019-11-09,男生,5.08,0,1,4,5,0,0,0,0,0
AF2,CK5,Dane,2021-03-28,2019-11-09,男生,5.13,0,1,2,6,0,0,0,0,0
AF2,CK5,Dane,2021-04-04,2019-11-09,男生,4.98,1,0,2,12,0,0,0,0,0
AF2,CK5,Dane,2021-04-07,2019-11-09,男生,4.88,0,1,6,11,0,0,0,0,0
AF2,CK5,Dane,2021-04-09,2019-11-09,男生,5.01,1,1,6,13,0,0,0,0,0
AF2,CK5,Dane,2021-04-19,2019-11-09,男生,5.14,0,0,6,10,0,0,0,0,0
AF2,CK5,Dane,2021-05-03,2019-11-09,男生,5.10,0,1,5,9,0,0,0,0,0
AF2,CK5,Dane,2021-05-16,2019-11-09,男生,5.18,1,1,2,9,0,0,0,0,0
AF2,CK5,Dane,2021-05-24,2019-11-09,男生,5.00,1,1,3,7,0,0,0,0,0
AF2,CK5,Dane,2021-06-14,2019-11-09,男生,5.12,1,1,4,6,0,0,0,0,0
AF2,CK5,Dane,2021-06-23,2019-11-09,男生,4.94,0,0,5,11,0,0,0,0,0
AF2,CK5,Dane,2021-07-07,2019-11-09,男生,5.01,1,0,2,7,0,0,0,0,0
AF2,CK5,Dane,2021-07-27,2019-11-09,男生,5.18,1,1,2,6,0,0,0,0,0
AF2,CK5,Dane,2021-08-16,2019-11-09,男生,5.19,0,0,4,9,0,0,0,0,0
AF2,CK5,Dane,2021-09-04,2019-11-09,男生,5.16,1,1,4,12,0,0,0,0,0
AF2,CK5,Dane,2021-09-07,2019-11-09,男生,5.07,0,1,4,7,0,0,0,0,0
AF2,CK5,Dane,2021-09-10,2019-11-09,男生,5.17,0,1,5,12,0,0,0,0,0
AF2,CK5,Dane,2021-09-11,2019-11-09,男生,4.89,1,0,6,10,0,0,0,0,0
AF2,CK5,Dane,2021-09-13,2019-11-09,男生,4.95,1,1,3,3,0,0,0,0,0
AF2,CK5,Dane,2021-09-16,2019-11-09,男生,5.01,0,0,4,6,0,0,0,0,0
AF2,CK5,Dane,2021-09-28,2019-11-09,男生,4.87,0,0,2,9,0,0,0,0,0
AF2,CK5,Dane,2021-10-15,2019-11-09,男生,5.20,0,0,4,7,0,0,0,0,0
AF2,CK5,Dane,2021-10-22,2019-11-09,男生,5.09,1,0,5,8,0,0,0,0,0
AF2,CK5,Dane,2021-10-27,2019-11-09,男生,5.18,0,1,3,5,0,0,0,0,0
AF2,CK5,Dane,2021-11-04,2019-11-09,男生,5.11,0,1,3,10,0,0,0,0,0
AF2,CK5,Dane,2021-11-21,2019-11-09,男生,4.94,1,0,2,9,0,0,0,0,0
AF2,CK5,Dane,2021-11-25,2019-11-09,男生,5.03,0,0,2,14,0,0,0,0,0
AF2,CK5,Dane,2022-01-03,2019-11-09,男生,5.01,0,1,3,5,0,0,0,0,0
AF2,CK5,Dane,2022-01-15,2019-11-09,男生,4.86,1,0,4,3,0,0,0,0,0
AF2,CK5,Dane,2022-01-17,2019-11-09,男生,5.19,1,1,4,6,0,0,0,0,0
AF2,CK5,Dane,2022-01-20,2019-11-09,男生,4.91,0,0,3,6,0,0,0,0,0
AF2,CK5,Dane,2022-01-22,2019-11-09,男生,5.02,0,0,2,8,0,0,0,0,0
AF2,CK5,Dane,2022-01-24,2019-11-09,男生,5.31,1,1,3,12,0,0,0,0,0
AF2,CK5,Dane,2022-02-09,2019-11-09,男生,5.30,1,0,4,5,0,0,0,0,0
AF2,CK5,Dane,2022-02-13,2019-11-09,男生,5.21,1,1,2,9,0,0,0,0,0
AF2,CK5,Dane,2022-03-09,2019-11-09,男生,5.26,1,0,2,6,0,0,0,0,0
AF2,CK5,Dane,2022-03-14,2019-11-09,男生,5.10,1,0,3,9,0,0,0,0,0
AF2,CK5,Dane,2022-03-25,2019-11-09,男生,5.26,1,1,6,7,0,0,0,0,0
AF2,CK5,Dane,2022-04-05,2019-11-09,男生,5.19,1,1,4,13,0,0,0,0,0
AF2,CK5,Dane,2022-04-07,2019-11-09,男生,5.12,0,1,4,10,0,0,0,0,0
AF2,CK5,Dane,2022-04-09,2019-11-09,男生,5.20,1,1,6,4,0,0,0,0,0
AF2,CK5,Dane,2022-04-26,2019-11-09,男生,5.23,1,0,5,7,0,0,0,0,0
AF2,CK5,Dane,2022-04-30,2019-11-09,男生,5.18,0,0,6,12,0,0,0,0,0
AF2,CK5,Dane,2022-05-23,2019-11-09,男生,5.13,0,1,6,11,0,0,0,0,0
AF2,CK5,Dane,2022-06-05,2019-11-09,男生,5.13,0,0,5,8,0,0,0,0,0
AF2,CK5,Dane,2022-06-19,2019-11-09,男生,5.30,0,0,3,10,0,0,0,0,0
AF2,CK5,Dane,2022-07-08,2019-11-09,男生,5.17,1,1,6,9,0,0,0,0,0
AF2,CK5,Dane,2022-08-18,2019-11-09,男生,5.25,1,1,5,6,0,0,0,0,0
AF2,CK5,Dane,2022-08-24,2019-11-09,男生,5.20,1,0,2,11,0,0,0,0,0
AF2,CK5,Dane,2022-08-25,2019-11-09,男生,5.29,0,0,3,13,0,0,0,0,0
AF2,CK5,Dane,2022-09-03,2019-11-09,男生,5.29,0,1,6,7,0,0,0,0,0
AF2,CK5,Dane,2022-09-10,2019-11-09,男生,5.19,0,0,4,7,0,0,0,0,0
AF2,CK5,Dane,2022-09-18,2019-11-09,男生,5.27,1,0,6,4,0,0,0,0,0
AF2,CK5,Dane,2022-09-27,2019-11-09,男生,5.25,0,1,3,7,0,0,0,0,0
AF2,CK5,Dane,2022-10-08,2019-11-09,男生,5.24,0,0,4,11,0,0,0,0,0
AF2,CK5,Dane,2022-10-24,2019-11-09,男生,5.27,0,1,3,6,0,0,0,0,0
AF2,CK5,Dane,2022-11-04,2019-11-09,男生,5.18,1,1,5,13,0,0,0,0,0
AF2,CK5,Dane,2022-11-21,2019-11-09,男生,5.24,1,1,2,14,0,0,0,0,0
AF2,CK5,Dane,2022-12-01,2019-11-09,男生,5.28,0,1,4,12,0,0,0,0,0
AF2,CK5,Dane,2022-12-14,2019-11-09,男生,5.24,1,0,6,8,0,0,0,0,0
AF2,CK5,Dane,2022-12-18,2019-11-09,男生,5.13,0,1,4,13,0,0,0,0,0
AF2,CK5,Dane,2022-12-25,2019-11-09,男生,5.19,1,1,3,12,0,0,0,0,0
AF2,CK5,Dane,2022-12-27,2019-11-09,男生,5.16,0,0,4,13,0,0,0,0,0
AF2,CK5,Dane,2023-03-02,2019-11-09,男生,5.21,1,0,2,5,0,0,0,0,0
AF2,CK5,Dane,2023-03-20,2019-11-09,男生,5.19,1,1,5,5,0,0,0,0,0
AF3,CK6,Melany,2022-11-22,2022-01-03,男生,3.46,1,0,4,8,0,0,0,0,0
AF3,CK6,Melany,2022-11-23,2022-01-03,男生,3.40,0,1,4,6,0,0,0,0,0
AF3,CK6,Melany,2022-11-24,2022-01-03,男生,3.73,1,0,5,8,0,0,0,0,0
AF3,CK6,Melany,2022-11-25,2022-01-03,男生,3.72,1,1,6,4,0,0,0,0,0
AF3,CK6,Melany,2022-11-26,2022-01-03,男生,3.53,0,0,3,8,0,0,0,0,0
AF3,CK6,Melany,2022-11-27,2022-01-03,男生,3.74,1,1,2,3,0,0,0,0,0
AF3,CK6,Melany,2022-11-28,2022-01-03,男生,3.70,1,0,6,3,0,0,0,0,0
AF3,CK6,Melany,2022-11-29,2022-01-03,男生,3.70,0,1,4,13,0,0,0,0,0
AF3,CK6,Melany,2022-11-30,2022-01-03,男生,3.55,0,0,6,10,0,0,0,0,0
AF3,CK6,Melany,2022-12-01,2022-01-03,男生,3.63,0,0,2,6,0,0,0,0,0
AF3,CK6,Melany,2022-12-02,2022-01-03,男生,3.57,0,1,3,8,0,0,0,0,0
AF3,CK6,Melany,2022-12-03,2022-01-03,男生,3.45,1,0,4,8,0,0,0,0,0
AF3,CK6,Melany,2022-12-04,2022-01-03,男生,3.66,0,1,5,9,0,0,0,0,0
AF3,CK6,Melany,2022-12-05,2022-01-03,男生,3.65,0,1,4,12,0,0,0,0,0
AF3,CK6,Melany,2022-12-06,2022-01-03,男生,3.75,1,1,6,12,0,0,0,0,0
AF3,CK6,Melany,2022-12-07,2022-01-03,男生,3.48,1,1,3,6,0,0,0,0,0
AF3,CK6,Melany,2022-12-08,2022-01-03,男生,3.42,1,0,4,7,0,0,0,0,0
AF3,CK6,Melany,2022-12-09,2022-01-03,男生,3.44,1,0,4,14,0,0,0,0,0
AF3,CK6,Melany,2022-12-10,2022-01-03,男生,3.52,1,1,6,8,0,0,0,0,0
AF3,CK6,Melany,2022-12-11,2022-01-03,男生,3.41,0,1,4,7,0,0,0,0,0
AF3,CK6,Melany,2022-12-12,2022-01-03,男生,3.62,0,0,4,5,0,0,0,0,0
AF3,CK6,Melany,2022-12-13,2022-01-03,男生,3.37,1,1,6,4,0,0,0,0,0
AF3,CK6,Melany,2022-12-14,2022-01-03,男生,3.63,0,1,5,13,0,0,0,0,0
AF3,CK6,Melany,2022-12-15,2022-01-03,男生,3.35,0,0,4,6,0,0,0,0,0
AF3,CK6,Melany,2022-12-16,2022-01-03,男生,3.48,1,1,6,11,0,0,0,0,0
AF3,CK6,Melany,2022-12-17,2022-01-03,男生,3.37,0,1,3,4,0,0,0,0,0
AF3,CK6,Melany,2022-12-18,2022-01-03,男生,3.42,1,0,4,12,0,0,0,0,0
AF3,CK6,Melany,2022-12-19,2022-01-03,男生,3.46,0,1,4,6,0,0,0,0,0
AF3,CK6,Melany,2022-12-20,2022-01-03,男生,3.49,1,1,4,4,0,0,0,0,0
AF3,CK6,Melany,2022-12-21,2022-01-03,男生,3.65,1,0,3,6,0,0,0,0,0
AF3,CK6,Melany,2022-12-22,2022-01-03,男生,3.42,1,1,4,3,0,0,0,0,0
AF3,CK6,Melany,2022-12-23,2022-01-03,男生,3.39,0,0,4,8,0,0,0,0,0
AF3,CK6,Melany,2022-12-24,2022-01-03,男生,3.68,0,0,4,4,0,0,0,0,0
AF3,CK6,Melany,2022-12-25,2022-01-03,男生,3.83,0,0,3,6,0,0,0,0,0
AF3,CK6,Melany,2022-12-26,2022-01-03,男生,3.76,0,1,2,11,0,0,0,0,0
AF3,CK6,Melany,2022-12-27,2022-01-03,男生,3.76,1,1,5,8,0,0,0,0,0
AF3,CK6,Melany,2022-12-28,2022-01-03,男生,3.78,1,1,5,13,0,0,0,0,0
AF3,CK6,Melany,2022-12-29,2022-01-03,男生,3.84,0,1,3,8,0,0,0,0,0
AF3,CK6,Melany,2022-12-30,2022-01-03,男生,3.96,0,1,3,13,0,0,0,0,0
AF3,CK6,Melany,2022-12-31,2022-01-03,男生,3.79,1,1,6,3,0,0,0,0,0
AF3,CK6,Melany,2023-01-01,2022-01-03,男生,3.79,1,1,6,5,0,0,0,0,0
AF3,CK6,Melany,2023-01-02,2022-01-03,男生,3.80,1,1,4,7,0,0,0,0,0
AF3,CK6,Melany,2023-01-03,2022-01-03,男生,3.94,0,0,4,14,0,0,0,0,0
AF3,CK6,Melany,2023-01-04,2022-01-03,男生,3.97,0,0,6,14,0,0,0,0,0
AF3,CK6,Melany,2023-01-05,2022-01-03,男生,3.81,0,0,5,7,0,0,0,0,0
AF3,CK6,Melany,2023-01-06,2022-01-03,男生,3.89,1,0,5,9,0,0,0,0,0
AF3,CK6,Melany,2023-01-07,2022-01-03,男生,3.99,0,1,3,9,0,0,0,0,0
AF3,CK6,Melany,2023-01-08,2022-01-03,男生,3.80,0,0,6,3,0,0,0,0,0
AF3,CK6,Melany,2023-01-09,2022-01-03,男生,3.92,0,0,4,6,0,0,0,0,0
AF3,CK6,Melany,2023-01-10,2022-01-03,男生,3.92,1,0,3,12,0,0,0,0,0
AF3,CK6,Melany,2023-01-11,2022-01-03,男生,3.76,1,0,6,4,0,0,0,0,0
AF3,CK6,Melany,2023-01-12,2022-01-03,男生,3.76,0,0,5,5,0,0,0,0,0
AF3,CK6,Melany,2023-01-13,2022-01-03,男生,3.85,1,1,2,7,0,0,0,0,0
AF3,CK6,Melany,2023-01-14,2022-01-03,男生,3.80,1,1,3,3,0,0,0,0,0
AF3,CK6,Melany,2023-01-15,2022-01-03,男生,3.75,0,0,6,10,0,0,0,0,0
AF3,CK6,Melany,2023-01-16,2022-01-03,男生,3.93,0,1,2,9,0,0,0,0,0
AF3,CK6,Melany,2023-01-17,2022-01-03,男生,3.99,1,1,5,10,0,0,0,0,0
AF3,CK6,Melany,2023-01-18,2022-01-03,男生,3.77,0,0,5,11,0,0,0,0,0
AF3,CK6,Melany,2023-01-19,2022-01-03,男生,3.92,1,1,6,4,0,0,0,0,0
AF3,CK6,Melany,2023-01-20,2022-01-03,男生,3.91,0,1,3,14,0,0,0,0,0
AF3,CK6,Melany,2023-01-21,2022-01-03,男生,3.78,1,0,5,7,0,0,0,0,0
AF3,CK6,Melany,2023-01-22,2022-01-03,男生,3.97,1,0,3,12,0,0,0,0,0
AF3,CK6,Melany,2023-01-23,2022-01-03,男生,3.97,0,1,3,7,0,0,0,0,0
AF3,CK6,Melany,2023-01-24,2022-01-03,男生,3.78,1,0,2,7,0,0,0,0,0
AF3,CK6,Melany,2023-01-25,2022-01-03,男生,3.88,0,1,2,14,0,0,0,0,0
AF3,CK6,Melany,2023-01-26,2022-01-03,男生,3.89,0,0,5,9,0,0,0,0,0
AF3,CK6,Melany,2023-01-27,2022-01-03,男生,3.81,0,1,2,12,0,0,0,0,0
AF3,CK6,Melany,2023-01-28,2022-01-03,男生,3.98,0,1,4,5,0,0,0,0,0
AF3,CK6,Melany,2023-01-29,2022-01-03,男生,4.24,0,1,2,12,0,0,0,0,0
AF3,CK6,Melany,2023-01-30,2022-01-03,男生,4.17,1,0,2,3,0,0,0,0,0
AF3,CK6,Melany,2023-01-31,2022-01-03,男生,4.04,0,0,4,7,0,0,0,0,0
AF3,CK6,Melany,2023-02-01,2022-01-03,男生,4.30,1,1,5,11,0,0,0,0,0
AF3,CK6,Melany,2023-02-02,2022-01-03,男生,3.95,0,0,6,7,0,0,0,0,0
AF3,CK6,Melany,2023-02-03,2022-01-03,男生,4.19,0,1,6,9,0,0,0,0,0
AF3,CK6,Melany,2023-02-04,2022-01-03,男生,4.03,0,0,3,5,0,0,0,0,0
AF3,CK6,Melany,2023-02-05,2022-01-03,男生,4.17,0,1,3,3,0,0,0,0,0
AF3,CK6,Melany,2023-02-06,2022-01-03,男生,3.98,0,0,3,5,0,0,0,0,0
AF3,CK6,Melany,2023-02-07,2022-01-03,男生,4.20,1,0,3,8,0,0,0,0,0
AF3,CK6,Melany,2023-02-08,2022-01-03,男生,4.32,1,0,4,3,0,0,0,0,0
AF3,CK6,Melany,2023-02-09,2022-01-03,男生,4.10,1,1,5,8,0,0,0,0,0
AF3,CK6,Melany,2023-02-10,2022-01-03,男生,4.03,0,1,2,5,0,0,0,0,0
AF3,CK6,Melany,2023-02-11,2022-01-03,男生,4.33,0,1,2,12,0,0,0,0,0
AF3,CK6,Melany,2023-02-12,2022-01-03,男生,4.22,1,0,4,11,0,0,0,0,0
AF3,CK6,Melany,2023-02-13,2022-01-03,男生,4.24,1,1,6,4,0,0,0,0,0
AF3,CK6,Melany,2023-02-14,2022-01-03,男生,4.25,1,0,4,12,0,0,0,0,0
AF3,CK6,Melany,2023-02-15,2022-01-03,男生,4.14,0,1,4,8,0,0,0,0,0
AF3,CK6,Melany,2023-02-16,2022-01-03,男生,4.00,1,0,3,3,0,0,0,0,0
AF3,CK6,Melany,2023-02-17,2022-01-03,男生,3.98,1,1,2,14,0,0,0,0,0
AF3,CK6,Melany,2023-02-18,2022-01-03,男生,4.24,0,0,2,13,0,0,0,0,0
AF3,CK6,Melany,2023-02-19,2022-01-03,男生,4.23,1,0,3,3,0,0,0,0,0
AF3,CK6,Melany,2023-02-20,2022-01-03,男生,4.24,0,0,3,10,0,0,0,0,0
AF3,CK6,Melany,2023-02-21,2022-01-03,男生,4.21,0,1,2,5,0,0,0,0,0
AF3,CK6,Melany,2023-02-22,2022-01-03,男生,4.16,1,0,5,12,0,0,0,0,0
AF3,CK6,Melany,2023-02-23,2022-01-03,男生,4.18,1,0,4,14,0,0,0,0,0
AF3,CK6,Melany,2023-02-24,2022-01-03,男生,4.39,1,1,2,4,0,0,0,0,0
AF3,CK6,Melany,2023-02-25,2022-01-03,男生,4.54,0,0,6,7,0,0,0,0,0
AF3,CK6,Melany,2023-02-26,2022-01-03,男生,4.49,0,0,3,13,0,0,0,0,0
AF3,CK6,Melany,2023-02-27,2022-01-03,男生,4.20,1,1,4,4,0,0,0,0,0
AF3,CK6,Melany,2023-02-28,2022-01-03,男生,4.33,0,0,5,6,0,0,0,0,0
AF3,CK6,Melany,2023-03-01,2022-01-03,男生,4.40,0,0,5,9,0,0,0,0,0
AF3,CK6,Melany,2023-03-02,2022-01-03,男生,4.23,1,1,5,13,0,0,0,0,0
AF3,CK6,Melany,2023-03-03,2022-01-03,男生,4.30,1,1,6,7,0,0,0,0,0
AF3,CK6,Melany,2023-03-04,2022-01-03,男生,4.31,1,0,4,11,0,0,0,0,0